"mol%La2O3","mol%Y2O3","T0 (K)","Ms (K)"
1,0.5,1055.9991108054505,910.115456755818
1,1.,821.9583574708969,674.2307638195197
1,1.5,585.1218334820279,435.71590173381617
3,0.5,927.682176,793.2823469929792
3,1.,715.3198673203434,579.700767213877
5,0.5,811.8861431256764,687.2828492597977
5,1.,618.4397825525008,493.0721517778255
7,0.5,706.3532112755669,590.205995409419
7,1.,529.5435525021483,412.9682304417096
9,0.5,609.3841597836881,500.610814142607
9,1.,447.3101171582762,338.35965783338054
