mol%Gd2O3,T0 (K),Ms (K)
0,1367,1217
0.5,1198.257343,1050.180658
1,1034.483362,888.1358131
1.5,875.2453038,730.4040108
1.8,781.6960204,637.6393735
