"mol%Y2O3iO2","T0 (K)","Ms (K)"
0.5,1125.7725838769584,973.3716997837352
1.,879.6680643524584,725.024264337683
1.5,629.5578655697602,472.84255341378054
